"attraction_in@sourceA","no_of_attractions@sourceA","no_of_reviews@sourceA","url@sourceA","reviewComment@sourceA","activity_type@sourceA","rank@sourceA","max_rank@sourceA","attraction@sourceA","contact_no@sourceA","knownFor@sourceA","address@sourceA","pinCode@sourceA","imp_pinCode@sourceA","name@sourceB","locType@sourceB","address@sourceB","pinCode@sourceB","Confidence"
"Anaheim","3659","688","https://www.tripadvisor.com/Attraction_Review-g29092-d1418518-Reviews-or590-Anaheim_Convention_Center-Anaheim_California.html","One of the best  Great, big and perfect for big gatherings. I like the place a lot. Reviewed January 3, 2012 Lamboswede , California","things to do","7","147","Anaheim Convention Center","7147658950","Conference & Convention Centers , Traveler Resources","800 W Katella Ave , Anaheim , CA 92802-3496","92802-3496","92802","anaheim convention center","convention_centre","""Anaheim Convention Center, Truck Entrance, Anaheim Resort District, Anaheim, Orange County, California, 92802, United States of America""","92802","86"
"Anaheim","3659","688","https://www.tripadvisor.com/Attraction_Review-g29092-d1418518-Reviews-or550-Anaheim_Convention_Center-Anaheim_California.html","business  I would have liked to see elevators or escalators in the main building. Maybe better information regarding places to eat. other than that it was great. It provided us with... read more Reviewed May 8, 2012 jeanne C , Chino Valley, Arizona","things to do","7","147","Anaheim Convention Center","7147658950","Conference & Convention Centers , Traveler Resources","800 W Katella Ave , Anaheim , CA 92802-3496","92802-3496","92802","anaheim convention center","convention_centre","""Anaheim Convention Center, Truck Entrance, Anaheim Resort District, Anaheim, Orange County, California, 92802, United States of America""","92802","86"
"Anaheim","3659","688","https://www.tripadvisor.com/Attraction_Review-g29092-d1418518-Reviews-or530-Anaheim_Convention_Center-Anaheim_California.html","Attractive and close to everything  I've been to a few Convention Centers around the U.S., and this was one of the nicest I've seen. The surroundings were attractive, with lots of palm tree-shaded walkways with... read more Reviewed July 7, 2012 cathybirdlady , Bridgeport, CT","things to do","7","147","Anaheim Convention Center","7147658950","Conference & Convention Centers , Traveler Resources","800 W Katella Ave , Anaheim , CA 92802-3496","92802-3496","92802","anaheim convention center","convention_centre","""Anaheim Convention Center, Truck Entrance, Anaheim Resort District, Anaheim, Orange County, California, 92802, United States of America""","92802","86"
"Anaheim","3659","688","https://www.tripadvisor.com/Attraction_Review-g29092-d1418518-Reviews-or520-Anaheim_Convention_Center-Anaheim_California.html","Love the wifi  Spent four days at a conference and the wifi was wonderful as we were coming from overseas and don't have American phones. Close location to Starbucks which is always nice. Reviewed July 17, 2012 Ann C , Seoul","things to do","7","147","Anaheim Convention Center","7147658950","Conference & Convention Centers , Traveler Resources","800 W Katella Ave , Anaheim , CA 92802-3496","92802-3496","92802","anaheim convention center","convention_centre","""Anaheim Convention Center, Truck Entrance, Anaheim Resort District, Anaheim, Orange County, California, 92802, United States of America""","92802","86"
"Anaheim","3659","688","https://www.tripadvisor.com/Attraction_Review-g29092-d1418518-Reviews-or470-Anaheim_Convention_Center-Anaheim_California.html","Let's Meet  The first time I visited the Convention Center was for a stock holders meeting in the one large arena. Now there are several meeting spaces and the place is always busy. I'm not... read more Reviewed April 3, 2013 Kenneth L , Los Angeles, California","things to do","7","147","Anaheim Convention Center","7147658950","Conference & Convention Centers , Traveler Resources","800 W Katella Ave , Anaheim , CA 92802-3496","92802-3496","92802","anaheim convention center","convention_centre","""Anaheim Convention Center, Truck Entrance, Anaheim Resort District, Anaheim, Orange County, California, 92802, United States of America""","92802","86"
"Anaheim","3659","688","https://www.tripadvisor.com/Attraction_Review-g29092-d1418518-Reviews-or460-Anaheim_Convention_Center-Anaheim_California.html","Huge Place!  Parking was a bit strange, but the ACC was very nice, great staff, clean washrooms, lots of options for conventions. Reviewed May 1, 2013 T F , San Diego, California","things to do","7","147","Anaheim Convention Center","7147658950","Conference & Convention Centers , Traveler Resources","800 W Katella Ave , Anaheim , CA 92802-3496","92802-3496","92802","anaheim convention center","convention_centre","""Anaheim Convention Center, Truck Entrance, Anaheim Resort District, Anaheim, Orange County, California, 92802, United States of America""","92802","86"
"Anaheim","3659","688","https://www.tripadvisor.com/Attraction_Review-g29092-d1418518-Reviews-or110-Anaheim_Convention_Center-Anaheim_California.html","Very well suited for large conferences  We've been at the Anaheim Convention center for a number of years and it continues to make improvements to keep it updated. getting to the stadium for keynotes etc. is still a... read more Reviewed February 9, 2016 Patrick B , The Hague, The Netherlands","things to do","7","147","Anaheim Convention Center","7147658950","Conference & Convention Centers , Traveler Resources","800 W Katella Ave , Anaheim , CA 92802-3496","92802-3496","92802","anaheim convention center","convention_centre","""Anaheim Convention Center, Truck Entrance, Anaheim Resort District, Anaheim, Orange County, California, 92802, United States of America""","92802","86"
"Anaheim","3659","688","https://www.tripadvisor.com/Attraction_Review-g29092-d1418518-Reviews-or120-Anaheim_Convention_Center-Anaheim_California.html","NAMM 2016  Great venue....so much to see and do. It was sensory overload at first, but otherwise great! Clean facilities even with the thousands of people there daily. Only negatives were... read more Reviewed January 28, 2016 ChrisJan36 , Boston, Massachusetts via mobile","things to do","7","147","Anaheim Convention Center","7147658950","Conference & Convention Centers , Traveler Resources","800 W Katella Ave , Anaheim , CA 92802-3496","92802-3496","92802","anaheim convention center","convention_centre","""Anaheim Convention Center, Truck Entrance, Anaheim Resort District, Anaheim, Orange County, California, 92802, United States of America""","92802","86"
"Anaheim","3659","36","https://www.tripadvisor.com/Attraction_Review-g29092-d1415063-Reviews-or10-Anaheim_Plaza-Anaheim_California.html","Good Shopping Available Here  Short journey from the Disneyland area of Anaheim. Always worth a look around Walmart for a bargain or two. Forever 21 seems to be my daughter's favourite shop at the moment... read more Reviewed April 8, 2015 Simz61 , Ashby de la Zouch, United Kingdom via mobile","things to do","65","147","Anaheim Plaza","","N/A","510 N Euclid St , Anaheim , CA 92801-5510","92801-5510","92801","anaheim plaza","retail","""510, Anaheim Plaza, West Anaheim, Anaheim, Orange County, California, 92801, United States of America""","92801","82"
"Anaheim","3659","36","https://www.tripadvisor.com/Attraction_Review-g29092-d1415063-Reviews-Anaheim_Plaza-Anaheim_California.html","Adequate and clean  An outdoor mall for the most part with large box stores. Good place to pick up supplies when on holidays with the standard Walmart. Reviewed March 15, 2016 Brian N via mobile","things to do","65","147","Anaheim Plaza","","N/A","510 N Euclid St , Anaheim , CA 92801-5510","92801-5510","92801","anaheim plaza","retail","""510, Anaheim Plaza, West Anaheim, Anaheim, Orange County, California, 92801, United States of America""","92801","82"
"Anaheim","3659","36","https://www.tripadvisor.com/Attraction_Review-g29092-d1415063-Reviews-or20-Anaheim_Plaza-Anaheim_California.html","Plaza  Great Plaza, enjoyed walking around the different shops. Picked up some great bargins for myself and my son who love Walmart Reviewed November 21, 2011 Efsta , Melbourne, Australia","things to do","65","147","Anaheim Plaza","","N/A","510 N Euclid St , Anaheim , CA 92801-5510","92801-5510","92801","anaheim plaza","retail","""510, Anaheim Plaza, West Anaheim, Anaheim, Orange County, California, 92801, United States of America""","92801","82"
"Anaheim","3659","1194","https://www.tripadvisor.com/Attraction_Review-g29092-d630476-Reviews-or1040-Angel_Stadium_of_Anaheim-Anaheim_California.html","Go Angels!  Saw Angels vs White Sox - This was my first ever baseball game (i'm from London!) and I enjoyed every SECOND of it - had great seats, easy to get in and out of and the... read more Reviewed October 19, 2011 jstride , London","things to do","5","147","Angel Stadium of Anaheim","714940 2000","Arenas & Stadiums , Sights & Landmarks","2000 E Gene Autry Way , Anaheim , CA 92806-6143","92806-6143","92806","angel stadium of anaheim","stadium","""Angel Stadium of Anaheim, South Douglass Road, Anaheim Resort District, Anaheim, Orange County, California, 92806, United States of America""","92806","86"
"Anaheim","3659","1194","https://www.tripadvisor.com/Attraction_Review-g29092-d630476-Reviews-or70-Angel_Stadium_of_Anaheim-Anaheim_California.html","Great time with our grandson  It was easy to park and there were plenty of food choices. It is a great place to spend time with our grandson. Reviewed August 8, 2016 Dale C , Santa Ana","things to do","5","147","Angel Stadium of Anaheim","714940 2000","Arenas & Stadiums , Sights & Landmarks","2000 E Gene Autry Way , Anaheim , CA 92806-6143","92806-6143","92806","angel stadium of anaheim","stadium","""Angel Stadium of Anaheim, South Douglass Road, Anaheim Resort District, Anaheim, Orange County, California, 92806, United States of America""","92806","86"
"Anaheim","3659","1194","https://www.tripadvisor.com/Attraction_Review-g29092-d630476-Reviews-or90-Angel_Stadium_of_Anaheim-Anaheim_California.html","TEENAGERS LOVE MAJOR LEAGUE BASEBALL PARKS!  Thirty years ago my teenage sons loved our Trip to California Baseball. from San Diego to San Francisco and all in between, the California trip was meaningful. We rented a car... read more Reviewed July 31, 2016 BobbyP009 , West Brookfield, Massachusetts","things to do","5","147","Angel Stadium of Anaheim","714940 2000","Arenas & Stadiums , Sights & Landmarks","2000 E Gene Autry Way , Anaheim , CA 92806-6143","92806-6143","92806","angel stadium of anaheim","stadium","""Angel Stadium of Anaheim, South Douglass Road, Anaheim Resort District, Anaheim, Orange County, California, 92806, United States of America""","92806","86"
"Anaheim","3659","1194","https://www.tripadvisor.com/Attraction_Review-g29092-d630476-Reviews-or960-Angel_Stadium_of_Anaheim-Anaheim_California.html","Cowboy Hat night Angels 3 Texas 2  We made plans for four of us to go to an Angels game and it was a great experience. We ate in several different spots. I had this creation called a skeeter which was a louisanna... read more Reviewed June 4, 2012 Jedimasterkush , Ventura","things to do","5","147","Angel Stadium of Anaheim","714940 2000","Arenas & Stadiums , Sights & Landmarks","2000 E Gene Autry Way , Anaheim , CA 92806-6143","92806-6143","92806","angel stadium of anaheim","stadium","""Angel Stadium of Anaheim, South Douglass Road, Anaheim Resort District, Anaheim, Orange County, California, 92806, United States of America""","92806","86"
"Anaheim","3659","1194","https://www.tripadvisor.com/Attraction_Review-g29092-d630476-Reviews-or920-Angel_Stadium_of_Anaheim-Anaheim_California.html","Also a great venue for concerts!  Enjoyed a few visits during baseball season, but this was a first in a concert setting. Knowing where to park is always a plus so do some homework and find lot entrances closest... read more Reviewed July 17, 2012 Shimadog , California","things to do","5","147","Angel Stadium of Anaheim","714940 2000","Arenas & Stadiums , Sights & Landmarks","2000 E Gene Autry Way , Anaheim , CA 92806-6143","92806-6143","92806","angel stadium of anaheim","stadium","""Angel Stadium of Anaheim, South Douglass Road, Anaheim Resort District, Anaheim, Orange County, California, 92806, United States of America""","92806","86"
"Anaheim","3659","1194","https://www.tripadvisor.com/Attraction_Review-g29092-d630476-Reviews-or120-Angel_Stadium_of_Anaheim-Anaheim_California.html","Best game ever!  This stadium is awesome and we've been to many! LA vs LA was the best game Ive been to! Stadium itself is fabulous! Everyone should go to a game here! Reviewed July 15, 2016 kimmysenko , Vancouver, Canada","things to do","5","147","Angel Stadium of Anaheim","714940 2000","Arenas & Stadiums , Sights & Landmarks","2000 E Gene Autry Way , Anaheim , CA 92806-6143","92806-6143","92806","angel stadium of anaheim","stadium","""Angel Stadium of Anaheim, South Douglass Road, Anaheim Resort District, Anaheim, Orange County, California, 92806, United States of America""","92806","86"
"Anaheim","3659","1194","https://www.tripadvisor.com/Attraction_Review-g29092-d630476-Reviews-or890-Angel_Stadium_of_Anaheim-Anaheim_California.html","Huge!  Another massive American ball park loaded with plenty of entertainment, food and items for sale... oh and there was a baseball game to watch. Reviewed August 23, 2012 GoalieDad26 , Vancouver, BC","things to do","5","147","Angel Stadium of Anaheim","714940 2000","Arenas & Stadiums , Sights & Landmarks","2000 E Gene Autry Way , Anaheim , CA 92806-6143","92806-6143","92806","angel stadium of anaheim","stadium","""Angel Stadium of Anaheim, South Douglass Road, Anaheim Resort District, Anaheim, Orange County, California, 92806, United States of America""","92806","86"
"Anaheim","3659","1194","https://www.tripadvisor.com/Attraction_Review-g29092-d630476-Reviews-or850-Angel_Stadium_of_Anaheim-Anaheim_California.html","wow  my brother love baseball and he wanted to stop then i was so surprised how big it was and we took a lot of pictures Reviewed December 10, 2012 audrey d , Memphis, Tennessee","things to do","5","147","Angel Stadium of Anaheim","714940 2000","Arenas & Stadiums , Sights & Landmarks","2000 E Gene Autry Way , Anaheim , CA 92806-6143","92806-6143","92806","angel stadium of anaheim","stadium","""Angel Stadium of Anaheim, South Douglass Road, Anaheim Resort District, Anaheim, Orange County, California, 92806, United States of America""","92806","86"
"Los Angeles","519","2680","https://www.tripadvisor.com/Attraction_Review-g32655-d106164-Reviews-California_Science_Center-Los_Angeles_California.html","Amazing  This place is amazing. So much to do for our kids who are aged 4&8. Arrive early as it can get busy (at least on the rainy weekend we went) Reviewed 3 days ago Snowflake000 , Perth via mobile","things to do","5","505","California Science Center","3237243623","Science Museums , Museums","700 Exposition Park Drive , Los Angeles , CA 90037-1254","90037-1254","90037","california science center","museum","""California Science Center, 700, Exposition Park Drive, Jefferson, LA, Los Angeles County, California, 90037, United States of America""","90037","88"
"Los Angeles","519","284","https://www.tripadvisor.com/Attraction_Review-g32655-d254736-Reviews-Hollywood_Highland-Los_Angeles_California.html","Good location for parking  The shops are ok. The same shops you will see at all other shopping centres, but the location is ideal if you want to park to see the Walk of Fame etc. $2 for 2 hours with... read more Reviewed 2 days ago Markybritt , Chatham, United Kingdom via mobile","Shopping","10","192","Hollywood & Highland","3234676412","Neighborhood: Hollywood Gift & Specialty Shops , Shopping","6801 Hollywood Blvd , Los Angeles , CA 90028-6136","90028-6136","90028","hollywood & highland","retail","""Hollywood & Highland, Whitley Heights, LA, Los Angeles County, California, 90028, United States of America""","90028","100"
"Los Angeles","519","284","https://www.tripadvisor.com/Attraction_Review-g32655-d254736-Reviews-Hollywood_Highland-Los_Angeles_California.html","Good location for parking  The shops are ok. The same shops you will see at all other shopping centres, but the location is ideal if you want to park to see the Walk of Fame etc. $2 for 2 hours with... read more Reviewed 2 days ago Markybritt , Chatham, United Kingdom via mobile","Shopping","10","192","Hollywood & Highland","3234676412","Neighborhood: Hollywood Gift & Specialty Shops , Shopping","6801 Hollywood Blvd , Los Angeles , CA 90028-6136","90028-6136","90028","hollywood highland","retail","""Hollywood & Highland, Whitley Heights, LA, Los Angeles County, California, 90028, United States of America""","90028","91"
"Los Angeles","519","9351","https://www.tripadvisor.com/Attraction_Review-g32655-d104576-Reviews-Hollywood_Walk_of_Fame-Los_Angeles_California.html","Trip down memory lane  Join the walk at any point and spend a few blocks reading the names and remembering names from your childhood. A mix of music, theatre, tv, movie and other arts contributors... read more Reviewed 2 days ago Sue B via mobile","things to do","52","505","Hollywood Walk of Fame","323469 8311","N/A","Hollywood Blvd at Vine St , Los Angeles , CA 90028","90028","90028","hollywood walk of fame","footway","""Walk of Fame, Hollywood, LA, Los Angeles County, California, 90028, United States of America""","90028","83"
"Anaheim","3659","440","https://www.tripadvisor.com/Attraction_Review-g29092-d616521-Reviews-or360-Honda_Center-Anaheim_California.html","Best arena in the area  We go to the Honda Center at least 6 times a year and it is the best arena in the area when it comes to handicapped accessible seating. The workers are very nice, the parking is... read more Reviewed January 18, 2012 traveln4 , sunny California","things to do","8","147","Honda Center","714704 2400","Arenas & Stadiums , Sights & Landmarks","2695 E Katella Ave , Anaheim , CA 92806-5904","92806-5904","92806","honda center","stadium","""Honda Center, 2695, East Katella Avenue, Anaheim Resort District, Anaheim, Orange County, California, 92806, United States of America""","92806","82"
"Anaheim","3659","440","https://www.tripadvisor.com/Attraction_Review-g29092-d616521-Reviews-or340-Honda_Center-Anaheim_California.html","Great arena for hockey!  Went to a NHL game and the Ducks lost, but our hometown team won. Really like the arena. Food and beverage choices were great and no waiting for the bathroom! You could even get... read more Reviewed March 29, 2012 weluv2travel07 , Buffalo, New York","things to do","8","147","Honda Center","714704 2400","Arenas & Stadiums , Sights & Landmarks","2695 E Katella Ave , Anaheim , CA 92806-5904","92806-5904","92806","honda center","stadium","""Honda Center, 2695, East Katella Avenue, Anaheim Resort District, Anaheim, Orange County, California, 92806, United States of America""","92806","82"
"Anaheim","3659","440","https://www.tripadvisor.com/Attraction_Review-g29092-d616521-Reviews-or280-Honda_Center-Anaheim_California.html","Cool place for hockey and concerts!  Been here a number of times! I enjoy the hockey and the concerts! A neat building! Yes the atmospshere is cool! and a good place for concerts! I really enjoy going here! If... read more Reviewed March 28, 2013 hbsurfer1 , Huntington Beach, California","things to do","8","147","Honda Center","714704 2400","Arenas & Stadiums , Sights & Landmarks","2695 E Katella Ave , Anaheim , CA 92806-5904","92806-5904","92806","honda center","stadium","""Honda Center, 2695, East Katella Avenue, Anaheim Resort District, Anaheim, Orange County, California, 92806, United States of America""","92806","82"
"Anaheim","3659","440","https://www.tripadvisor.com/Attraction_Review-g29092-d616521-Reviews-or220-Honda_Center-Anaheim_California.html","GO DUCKS!  Great place to see a game. Attendants are helpful and friendly and the players are too. Seems they're glad to be playing hockey in sunny California instead of snowy Manitoba... read more Reviewed March 16, 2014 jonphil , Marietta, Georgia","things to do","8","147","Honda Center","714704 2400","Arenas & Stadiums , Sights & Landmarks","2695 E Katella Ave , Anaheim , CA 92806-5904","92806-5904","92806","honda center","stadium","""Honda Center, 2695, East Katella Avenue, Anaheim Resort District, Anaheim, Orange County, California, 92806, United States of America""","92806","82"
"Anaheim","3659","440","https://www.tripadvisor.com/Attraction_Review-g29092-d616521-Reviews-or80-Honda_Center-Anaheim_California.html","Concert  Honda center is the perfect venue to watch a concert , Anaheim Ducks hockey or Barnam and Bailyes circus. Every seat you have a good view of the floor. The stairs are steep and... read more Reviewed October 26, 2015 cmiehls via mobile","things to do","8","147","Honda Center","714704 2400","Arenas & Stadiums , Sights & Landmarks","2695 E Katella Ave , Anaheim , CA 92806-5904","92806-5904","92806","honda center","stadium","""Honda Center, 2695, East Katella Avenue, Anaheim Resort District, Anaheim, Orange County, California, 92806, United States of America""","92806","82"
"Anaheim","3659","440","https://www.tripadvisor.com/Attraction_Review-g29092-d616521-Reviews-or170-Honda_Center-Anaheim_California.html","Awesome Stadium  Everything, Let's Go Duck's chant, Amazing sports arena, great view from seats high up. Lifts and wheelchair access terrific. Well Done. Reviewed November 17, 2014 Christine W , Auckland Region, New Zealand","things to do","8","147","Honda Center","714704 2400","Arenas & Stadiums , Sights & Landmarks","2695 E Katella Ave , Anaheim , CA 92806-5904","92806-5904","92806","honda center","stadium","""Honda Center, 2695, East Katella Avenue, Anaheim Resort District, Anaheim, Orange County, California, 92806, United States of America""","92806","82"
"Anaheim","3659","440","https://www.tripadvisor.com/Attraction_Review-g29092-d616521-Reviews-or20-Honda_Center-Anaheim_California.html","Great Venue  I've attended many events including sports and concerts at the Honda Center and haven't had a bad seat yet. They handle traffic very well here so entering or leaving takes very... read more Reviewed April 26, 2016 19er , Orangeburg, South Carolina","things to do","8","147","Honda Center","714704 2400","Arenas & Stadiums , Sights & Landmarks","2695 E Katella Ave , Anaheim , CA 92806-5904","92806-5904","92806","honda center","stadium","""Honda Center, 2695, East Katella Avenue, Anaheim Resort District, Anaheim, Orange County, California, 92806, United States of America""","92806","82"
"Anaheim","3659","440","https://www.tripadvisor.com/Attraction_Review-g29092-d616521-Reviews-Honda_Center-Anaheim_California.html","Hockey/Anaheim Ducks  Best authentic American experience of sport. Not watched ice hockey before and loved it. The centre was massive. With plenty of food and beverage options. Caught a taxi there... read more Reviewed 1 week ago Deborah M","things to do","8","147","Honda Center","714704 2400","Arenas & Stadiums , Sights & Landmarks","2695 E Katella Ave , Anaheim , CA 92806-5904","92806-5904","92806","honda center","stadium","""Honda Center, 2695, East Katella Avenue, Anaheim Resort District, Anaheim, Orange County, California, 92806, United States of America""","92806","82"
"Huntington Beach","35","74","https://www.tripadvisor.com/Attraction_Review-g32513-d1155520-Reviews-Huntington_Central_Park-Huntington_Beach_California.html","N/A","things to do","9","50","Huntington Central Park","7148486565","N/A","18381 Goldenwest St , Huntington Beach , CA 92648-1107","92648-1107","92648","huntington central park","park","""Huntington Central Park, Goldenwest Street, Huntington Beach, Orange County, California, 92648, United States of America""","92648","83"
"Winchester","4","5","https://www.tripadvisor.com/Attraction_Review-g33279-d7061424-Reviews-Lake_Skinner-Winchester_California.html","N/A","things to do","1","4","Lake Skinner","9519261541","N/A","37701 Warren Rd , Winchester , CA 92596-9744","92596-9744","92596","lake skinner","water","""Lake Skinner, Benton Road, Robert A. Skinner Treatment Plant, French Valley, Country Road Estates, Riverside County, California, 92596, United States of America""","92596","82"
"Monterey","2143","41","https://www.tripadvisor.com/Attraction_Review-g32737-d144838-Reviews-Museum_of_Monterey-Monterey_Monterey_County_California.html","Dali Lithograph-WOW  A small museum in beautiful location. This was the start of the 14th week open-so it's new. They have over 600 pieces of work. The tour is self guided but there are knowledgeable... read more Reviewed 2 days ago 12WendyW , Lakewood, Colorado, United States via mobile","things to do","37","98","Museum of Monterey","8313722608","N/A","5 Custom House Plz , Monterey State Historic Park , Monterey , CA 93940-2430","93940-2430","93940","museum of monterey","museum","""Museum of Monterey, 5, Custom House Plaza, Monterey, Monterey County, California, 93940, United States of America""","93940","95"
"Monterey","2143","41","https://www.tripadvisor.com/Attraction_Review-g32737-d144838-Reviews-or20-Museum_of_Monterey-Monterey_Monterey_County_California.html","Amazing  It was great to see the Old Sail Boats of yesteryear. You could imagine how difficult it was travelling the vast distances in what must have been very cramped conditions. So much... read more Reviewed June 4, 2012 stayedroom331 , Belfast, United Kingdom","things to do","37","98","Museum of Monterey","8313722608","N/A","5 Custom House Plz , Monterey State Historic Park , Monterey , CA 93940-2430","93940-2430","93940","museum of monterey","museum","""Museum of Monterey, 5, Custom House Plaza, Monterey, Monterey County, California, 93940, United States of America""","93940","95"
"Monterey","2143","41","https://www.tripadvisor.com/Attraction_Review-g32737-d144838-Reviews-or30-Museum_of_Monterey-Monterey_Monterey_County_California.html","Wonderful Musuem  This is a wonderful museum filled with historical treasures. It is currently closed due to someone in the county messed up the budget and will not be open for at least a year... read more Reviewed May 12, 2010 amalphiea , amalphiea","things to do","37","98","Museum of Monterey","8313722608","N/A","5 Custom House Plz , Monterey State Historic Park , Monterey , CA 93940-2430","93940-2430","93940","museum of monterey","museum","""Museum of Monterey, 5, Custom House Plaza, Monterey, Monterey County, California, 93940, United States of America""","93940","95"
"Monterey","2143","41","https://www.tripadvisor.com/Attraction_Review-g32737-d144838-Reviews-or10-Museum_of_Monterey-Monterey_Monterey_County_California.html","two great exhibits  This museum is just across from Fisherman's Wharf and only $5. I went to see the Beautiful Whale exhibit with some amazing lifesize photos of whales (there are plenty of benches... read more Reviewed April 19, 2013 edwardsmom24 , Berkeley, California","things to do","37","98","Museum of Monterey","8313722608","N/A","5 Custom House Plz , Monterey State Historic Park , Monterey , CA 93940-2430","93940-2430","93940","museum of monterey","museum","""Museum of Monterey, 5, Custom House Plaza, Monterey, Monterey County, California, 93940, United States of America""","93940","95"
"San Diego","5272","2646","https://www.tripadvisor.com/Attraction_Review-g60750-d103192-Reviews-or20-Seaport_Village-San_Diego_California.html","Relaxed shopping with an ocean breeze  Shopping area is clean. Right by the ocean. Great breeze and view. Not too crowded and alcoholic beverages are allowed. Good selection of shops and food. Also various types... read more Reviewed 1 week ago HotRodPinata , Eastvale, CA via mobile","things to do","29","416","Seaport Village","6192354014","Piers & Boardwalks , Shopping Malls , Points of Interest & Landmarks , Shopping , Sights & Landmarks , More","849 W Harbor Dr , Downtown , San Diego , CA 92101-7744","92101-7744","92101","seaport village","retail","""Seaport Village, Hillcrest, San Diego, San Diego County, California, 92101, United States of America""","92101","90"
"San Diego","5272","2647","https://www.tripadvisor.com/Attraction_Review-g60750-d103192-Reviews-or2300-Seaport_Village-San_Diego_California.html","Beautiful!  I love this place! Parking is free for 2 hours with purchase, but it can become pricey if you stay there longer. The food choices are plentiful; the view gorgeous. It is one of... read more Reviewed March 13, 2004 A TripAdvisor Member","things to do","29","416","Seaport Village","6192354014","Piers & Boardwalks , Shopping Malls , Points of Interest & Landmarks , Sights & Landmarks , Shopping , More","849 W Harbor Dr , Downtown , San Diego , CA 92101-7744","92101-7744","92101","seaport village","retail","""Seaport Village, Hillcrest, San Diego, San Diego County, California, 92101, United States of America""","92101","90"
"San Diego","5272","2647","https://www.tripadvisor.com/Attraction_Review-g60750-d103192-Reviews-or2290-Seaport_Village-San_Diego_California.html","cute place to wander  We visited San Diego from Feb 9-12. We stayed at the Mariott just a block or so from the Seaport Village. We really enjoyed the village as just a place to wander. We wandered... read more Reviewed February 16, 2007 rainbwblu , White Bear Lake, Minnesota","things to do","29","416","Seaport Village","6192354014","Piers & Boardwalks , Shopping Malls , Points of Interest & Landmarks , Sights & Landmarks , Shopping , More","849 W Harbor Dr , Downtown , San Diego , CA 92101-7744","92101-7744","92101","seaport village","retail","""Seaport Village, Hillcrest, San Diego, San Diego County, California, 92101, United States of America""","92101","90"
"San Diego","5272","2647","https://www.tripadvisor.com/Attraction_Review-g60750-d103192-Reviews-or2220-Seaport_Village-San_Diego_California.html","Nice for an hour or two  This is a pleasent, clean area full of small shops and places to eat and drink. nice to just sit and chill out in one of the bars and enjoy the sunshine, after a day shopping . Reviewed October 20, 2011 alisdair t , Workington, United Kingdom","things to do","29","416","Seaport Village","6192354014","Piers & Boardwalks , Shopping Malls , Points of Interest & Landmarks , Shopping , Sights & Landmarks , More","849 W Harbor Dr , Downtown , San Diego , CA 92101-7744","92101-7744","92101","seaport village","retail","""Seaport Village, Hillcrest, San Diego, San Diego County, California, 92101, United States of America""","92101","90"
"San Diego","5272","2647","https://www.tripadvisor.com/Attraction_Review-g60750-d103192-Reviews-or2200-Seaport_Village-San_Diego_California.html","historic carousel  This is one of the original carousels from the 1800's refurbished and very interesting. Reviewed November 2, 2011 shooter0913 , Burr Ridge, Illinois","things to do","29","416","Seaport Village","6192354014","Piers & Boardwalks , Shopping Malls , Points of Interest & Landmarks , Sights & Landmarks , Shopping , More","849 W Harbor Dr , Downtown , San Diego , CA 92101-7744","92101-7744","92101","seaport village","retail","""Seaport Village, Hillcrest, San Diego, San Diego County, California, 92101, United States of America""","92101","90"
"San Diego","5272","2647","https://www.tripadvisor.com/Attraction_Review-g60750-d103192-Reviews-or2150-Seaport_Village-San_Diego_California.html","Nice Place  It is a very nice place to walk. The view is beautiful you can walk along the bay or the harbor and see all the boats. Great view of Coronado Bridge and Island. Lots of... read more Reviewed December 9, 2011 Starlet S , Carlsbad, California","things to do","29","416","Seaport Village","6192354014","Piers & Boardwalks , Shopping Malls , Points of Interest & Landmarks , Sights & Landmarks , Shopping , More","849 W Harbor Dr , Downtown , San Diego , CA 92101-7744","92101-7744","92101","seaport village","retail","""Seaport Village, Hillcrest, San Diego, San Diego County, California, 92101, United States of America""","92101","90"
"San Diego","5272","2647","https://www.tripadvisor.com/Attraction_Review-g60750-d103192-Reviews-or2110-Seaport_Village-San_Diego_California.html","Very scenic walk  Great outing for family. Shops, views and vendors were all fun. Reviewed December 31, 2011 lcostin , orlando","things to do","29","416","Seaport Village","6192354014","Piers & Boardwalks , Shopping Malls , Points of Interest & Landmarks , Sights & Landmarks , Shopping , More","849 W Harbor Dr , Downtown , San Diego , CA 92101-7744","92101-7744","92101","seaport village","retail","""Seaport Village, Hillcrest, San Diego, San Diego County, California, 92101, United States of America""","92101","90"
"San Diego","5272","2647","https://www.tripadvisor.com/Attraction_Review-g60750-d103192-Reviews-or40-Seaport_Village-San_Diego_California.html","Very Nice  Not a very big area, but it's definitely nice. Had really good tacos and the Gelato was amazing! Cant seem to remember the name of the mexican restaurant we ate at, but they had... read more Reviewed 2 weeks ago FromMonterey , Monterey, California via mobile","things to do","29","416","Seaport Village","6192354014","Piers & Boardwalks , Shopping Malls , Points of Interest & Landmarks , Shopping , Sights & Landmarks , More","849 W Harbor Dr , Downtown , San Diego , CA 92101-7744","92101-7744","92101","seaport village","retail","""Seaport Village, Hillcrest, San Diego, San Diego County, California, 92101, United States of America""","92101","90"
"Los Angeles","519","2434","https://www.tripadvisor.com/Attraction_Review-g32655-d616425-Reviews-Staples_Center-Los_Angeles_California.html","Great ARENA for sports events and concerts  Choices for events are endless, check website for upcoming events. Parking is a bit expensive but taking a metro line is a good idea. Reviewed 3 days ago dina857 , Los Angeles, California","things to do","8","505","Staples Center","213742 7340","Neighborhood: Downtown Arenas & Stadiums , Sights & Landmarks","1111 S Figueroa St , Los Angeles , CA 90015-1300","90015-1300","90015","staples center","stadium","""Staples Center, Figueroa Street, South Park, Saint James Park, LA, Los Angeles County, California, 90015, United States of America""","90015","88"
"Los Angeles","519","2434","https://www.tripadvisor.com/Attraction_Review-g32655-d616425-Reviews-or20-Staples_Center-Los_Angeles_California.html","Great concert venue  Saw Adele here! We had nose bleed seats but still had a great time. Able to see her and hear her voice. Would recommend this venue Reviewed 2 weeks ago GretaGarboFranklyn , Rancho Palos Verdes, California","things to do","8","505","Staples Center","213742 7340","Neighborhood: Downtown Arenas & Stadiums , Sights & Landmarks","1111 S Figueroa St , Los Angeles , CA 90015-1300","90015-1300","90015","staples center","stadium","""Staples Center, Figueroa Street, South Park, Saint James Park, LA, Los Angeles County, California, 90015, United States of America""","90015","88"
"San Diego","5272","9","https://www.tripadvisor.com/Attraction_Review-g60750-d7751486-Reviews-Viejas_Arena-San_Diego_California.html","Viejas in the House  Had a great time visiting here for a graduation. Parking was easily accessible and the arena personnel was helpful and courteous in accommodating our needs. Reviewed 3 weeks ago AnibalPachecoIT , Nashville, Tennessee","Concerts & Shows","25","50","Viejas Arena","6195947315","N/A","5500 Canyon Crest Dr , San Diego , CA 92182-0001","92182-0001","92182","viejas arena","sports_centre","""Viejas Arena, Aztec Walk, San Diego, San Diego County, California, 92182, United States of America""","92182","82"
"Big Bear Lake","30","2","https://www.tripadvisor.com/Attraction_Review-g2018261-d6378119-Reviews-Club_Bombay-Big_Bear_Lake_Big_Bear_Region_California.html","N/A","Nightlife","1","2","Club Bombay","9095473435","N/A","672 Pine Knot Blvd , Big Bear Lake , CA 92315","92315","92315","club bombay","nightclub","""Club Bombay, 672, Pine Knot Avenue, The Village, Big Bear Lake, San Bernardino County, California, 92315, United States of America""","92315","76"
"Hemet","8","48","https://www.tripadvisor.com/Attraction_Review-g32486-d664708-Reviews-Diamond_Valley_Lake-Hemet_California.html","N/A","things to do","4","19","Diamond Valley Lake","9519267201","N/A","2615 Angler Ave , Hemet , CA 92543-9703","92543-9703","92543","diamond valley lake","water","""Diamond Valley Lake, Old Mine Road, Egan, Riverside County, California, 92543, United States of America""","92543","74"
"Escondido","32","29","https://www.tripadvisor.com/Attraction_Review-g32358-d116572-Reviews-Mission_San_Antonio_de_Pala-Escondido_California.html","N/A","things to do","15","50","Mission San Antonio de Pala","7607423317","N/A","3015 Pala Mission Road , Escondido , CA 92059","92059","92059","mission san antonio de pala","place_of_worship","""Mission San Antonio de Pala, Pala Mission Circle, Pala, San Diego County, California, 92059, United States of America""","92059","75"
"Monterey","2143","9889","https://www.tripadvisor.com/Attraction_Review-g32737-d104804-Reviews-or50-Monterey_Bay_Aquarium-Monterey_Monterey_County_California.html","Great day!  What a relaxing day.. a little expensive but it was very educational and enjoyed all the aquarium's sea life! Reviewed 1 week ago dustqueen , nassau county,ny via mobile","things to do","1","98","Monterey Bay Aquarium","18316484888","Zoos & Aquariums , Nature & Parks","886 Cannery Row at David Avenue , Monterey , CA 93940-1085","93940-1085","93940","monterey bay aquarium","aquarium","""MBA, 886, Cannery Row, Monterey, Monterey County, California, 93940, United States of America""","93940","80"
"Monterey","2143","9889","https://www.tripadvisor.com/Attraction_Review-g32737-d104804-Reviews-or8210-Monterey_Bay_Aquarium-Monterey_Monterey_County_California.html","best aquarium ever  Last time we visited was 10 years ago. This year we went back and it was as great as ever. Everything is very well done, very interesting, and there is a lot to see. We live in... read more Reviewed October 5, 2006 ParmaGirl , Chicago","things to do","1","98","Monterey Bay Aquarium","18316484888","Zoos & Aquariums , Nature & Parks","886 Cannery Row at David Avenue , Monterey , CA 93940-1085","93940-1085","93940","monterey bay aquarium","aquarium","""MBA, 886, Cannery Row, Monterey, Monterey County, California, 93940, United States of America""","93940","80"
"Monterey","2143","9889","https://www.tripadvisor.com/Attraction_Review-g32737-d104804-Reviews-or8200-Monterey_Bay_Aquarium-Monterey_Monterey_County_California.html","Our favorite thing in Monterey! Best aquarium we've been to.  We loved our time at Monterey's aquarium. We were impressed by the fact that most of the aquarium was dedicated to the sealife found right outside in Monterey Bay. This is an... read more Reviewed April 17, 2007 atpanda , Gilbert, Arizona","things to do","1","98","Monterey Bay Aquarium","18316484888","Zoos & Aquariums , Nature & Parks","886 Cannery Row at David Avenue , Monterey , CA 93940-1085","93940-1085","93940","monterey bay aquarium","aquarium","""MBA, 886, Cannery Row, Monterey, Monterey County, California, 93940, United States of America""","93940","80"
"Monterey","2143","9889","https://www.tripadvisor.com/Attraction_Review-g32737-d104804-Reviews-or8020-Monterey_Bay_Aquarium-Monterey_Monterey_County_California.html","Excellent  Definitely don't miss. Would also definitely recommend getting your tickets online if you plan on getting there close to opening as it was very crowded. Reviewed June 7, 2011 pbrad , Dallas, Texas","things to do","1","98","Monterey Bay Aquarium","18316484888","Zoos & Aquariums , Nature & Parks","886 Cannery Row at David Avenue , Monterey , CA 93940-1085","93940-1085","93940","monterey bay aquarium","aquarium","""MBA, 886, Cannery Row, Monterey, Monterey County, California, 93940, United States of America""","93940","80"
"Monterey","2143","9889","https://www.tripadvisor.com/Attraction_Review-g32737-d104804-Reviews-or7990-Monterey_Bay_Aquarium-Monterey_Monterey_County_California.html","A good value!  I have been to a few aquariums and I thought that this one was a good value. I enjoyed the educational parts for all ages including the real hands-on aquarium tanks of some of... read more Reviewed July 26, 2011 KathyB29 , Milwaukee, Wisconsin","things to do","1","98","Monterey Bay Aquarium","18316484888","Zoos & Aquariums , Nature & Parks","886 Cannery Row at David Avenue , Monterey , CA 93940-1085","93940-1085","93940","monterey bay aquarium","aquarium","""MBA, 886, Cannery Row, Monterey, Monterey County, California, 93940, United States of America""","93940","80"
"Monterey","2143","9889","https://www.tripadvisor.com/Attraction_Review-g32737-d104804-Reviews-or7850-Monterey_Bay_Aquarium-Monterey_Monterey_County_California.html","Great place to learn about fish!  This was my first time at the Aquarium. It's nicely laid out and there are a large number of great attractions, some of them hands on! Great outing for families or couples. Reviewed October 31, 2011 Lisatini1013 , Santa Clarita, California","things to do","1","98","Monterey Bay Aquarium","18316484888","Zoos & Aquariums , Nature & Parks","886 Cannery Row at David Avenue , Monterey , CA 93940-1085","93940-1085","93940","monterey bay aquarium","aquarium","""MBA, 886, Cannery Row, Monterey, Monterey County, California, 93940, United States of America""","93940","80"
"Monterey","2143","9889","https://www.tripadvisor.com/Attraction_Review-g32737-d104804-Reviews-or7790-Monterey_Bay_Aquarium-Monterey_Monterey_County_California.html","Impressive  Wonderful place to spend a day. The Jellyfish and the Seahorse exhibits were excellent. Great photo ops. Impressive displays of sea life. A wonderful place to learn about the... read more Reviewed November 26, 2011 lwj , Norcal","things to do","1","98","Monterey Bay Aquarium","18316484888","Nature & Parks , Zoos & Aquariums","886 Cannery Row at David Avenue , Monterey , CA 93940-1085","93940-1085","93940","monterey bay aquarium","aquarium","""MBA, 886, Cannery Row, Monterey, Monterey County, California, 93940, United States of America""","93940","80"
"Monterey","2143","9889","https://www.tripadvisor.com/Attraction_Review-g32737-d104804-Reviews-or7780-Monterey_Bay_Aquarium-Monterey_Monterey_County_California.html","Don't miss while in Monterey.  Incredibly nice aquarium. Definitely should visit if in Monterey. Was a bit crowded due to being Thanksgiving week but so large crowds are managed well. Be sure to catch the... read more Reviewed November 28, 2011 TravelAddict1955 , Austin, Texas","things to do","1","98","Monterey Bay Aquarium","18316484888","Zoos & Aquariums , Nature & Parks","886 Cannery Row at David Avenue , Monterey , CA 93940-1085","93940-1085","93940","monterey bay aquarium","aquarium","""MBA, 886, Cannery Row, Monterey, Monterey County, California, 93940, United States of America""","93940","80"
"Santa Barbara","483","458","https://www.tripadvisor.com/Attraction_Review-g33045-d104227-Reviews-or20-Santa_Barbara_Botanic_Garden-Santa_Barbara_California.html","Explore California Native Plants  A lovely walk through a diverse and lush landscape of California native plants. Lots of different habitats to explore, from desert to meadow to forest. This is a good, long walk... read more Reviewed August 21, 2016 RabbiWendy , Los Angeles, California, United States","things to do","15","169","Santa Barbara Botanic Garden","8056824726","Gardens , Nature & Parks","1212 Mission Canyon Rd , Santa Barbara , CA 93105-2199","93105-2199","93105","santa barbara botanic garden","park","""Santa Barbara Botanic Gardens, Mission Canyon Road, Mission Canyon, Santa Barbara County, California, 93105, United States of America""","93105","73"
"Santa Barbara","483","458","https://www.tripadvisor.com/Attraction_Review-g33045-d104227-Reviews-or60-Santa_Barbara_Botanic_Garden-Santa_Barbara_California.html","A very pleasant experience but not so much a botanical garden as an arboretum  We visited the garden on a cool spring day and enjoyed walking around, taking in the fauna and the flora. However, for Easterners like us who are used to carefully landscaped... read more Reviewed April 12, 2016 adanacsim , New Jersey","things to do","15","169","Santa Barbara Botanic Garden","8056824726","Gardens , Nature & Parks","1212 Mission Canyon Rd , Santa Barbara , CA 93105-2199","93105-2199","93105","santa barbara botanic garden","park","""Santa Barbara Botanic Gardens, Mission Canyon Road, Mission Canyon, Santa Barbara County, California, 93105, United States of America""","93105","73"
"Santa Barbara","483","458","https://www.tripadvisor.com/Attraction_Review-g33045-d104227-Reviews-or90-Santa_Barbara_Botanic_Garden-Santa_Barbara_California.html","Well done  This is very well designed and signed. The trails are well marked and occasionally ou come across a well written information signs. I had a pleasant time wandering around... read more Reviewed January 31, 2016 1Bustrav , London, United Kingdom","things to do","15","169","Santa Barbara Botanic Garden","8056824726","Gardens , Nature & Parks","1212 Mission Canyon Rd , Santa Barbara , CA 93105-2199","93105-2199","93105","santa barbara botanic garden","park","""Santa Barbara Botanic Gardens, Mission Canyon Road, Mission Canyon, Santa Barbara County, California, 93105, United States of America""","93105","73"
"Santa Barbara","483","458","https://www.tripadvisor.com/Attraction_Review-g33045-d104227-Reviews-or310-Santa_Barbara_Botanic_Garden-Santa_Barbara_California.html","Nice walk, pretty scenery  Worth a nice stroll to see the blooming spring wildflowers and bushes. Nothing fancy, but enjoyable and colorful. Be sure to cross the road and walk that part of the trail as... read more Reviewed March 17, 2013 DonnaKarson , San Clemente California","things to do","15","169","Santa Barbara Botanic Garden","8056824726","Gardens , Nature & Parks","1212 Mission Canyon Rd , Santa Barbara , CA 93105-2199","93105-2199","93105","santa barbara botanic garden","park","""Santa Barbara Botanic Gardens, Mission Canyon Road, Mission Canyon, Santa Barbara County, California, 93105, United States of America""","93105","73"
"Santa Barbara","483","458","https://www.tripadvisor.com/Attraction_Review-g33045-d104227-Reviews-or250-Santa_Barbara_Botanic_Garden-Santa_Barbara_California.html","People with a Passion  We visited this garden this October when the flowers were already pass�� but even so the trees were phenomenal and the remaining flowers were impressive. The bird life was also... read more Reviewed October 18, 2013 PTTraveler101","things to do","15","169","Santa Barbara Botanic Garden","8056824726","Gardens , Nature & Parks","1212 Mission Canyon Rd , Santa Barbara , CA 93105-2199","93105-2199","93105","santa barbara botanic garden","park","""Santa Barbara Botanic Gardens, Mission Canyon Road, Mission Canyon, Santa Barbara County, California, 93105, United States of America""","93105","73"
"Santa Barbara","483","458","https://www.tripadvisor.com/Attraction_Review-g33045-d104227-Reviews-or240-Santa_Barbara_Botanic_Garden-Santa_Barbara_California.html","Take a walk through the redwoods..  I love botanical gardens and hadn't visited the SB Botanic Garden for several years. I love how it has changed and how the meadow walk leads on to the redwood trees. I could set... read more Reviewed November 26, 2013 Linda L , Woodland Hills, CA","things to do","15","169","Santa Barbara Botanic Garden","8056824726","Gardens , Nature & Parks","1212 Mission Canyon Rd , Santa Barbara , CA 93105-2199","93105-2199","93105","santa barbara botanic garden","park","""Santa Barbara Botanic Gardens, Mission Canyon Road, Mission Canyon, Santa Barbara County, California, 93105, United States of America""","93105","73"
"Santa Barbara","483","458","https://www.tripadvisor.com/Attraction_Review-g33045-d104227-Reviews-or190-Santa_Barbara_Botanic_Garden-Santa_Barbara_California.html","A very nice tranquil walk  This was a nice place to take a quiet relaxing walk. It was not strenuous but we did get a little needed exercise. the plants and trees were interesting and being in the hills... read more Reviewed September 8, 2014 saintjack , Tucson","things to do","15","169","Santa Barbara Botanic Garden","8056824726","Gardens , Nature & Parks","1212 Mission Canyon Rd , Santa Barbara , CA 93105-2199","93105-2199","93105","santa barbara botanic garden","park","""Santa Barbara Botanic Gardens, Mission Canyon Road, Mission Canyon, Santa Barbara County, California, 93105, United States of America""","93105","73"
"Santa Barbara","483","458","https://www.tripadvisor.com/Attraction_Review-g33045-d104227-Reviews-or160-Santa_Barbara_Botanic_Garden-Santa_Barbara_California.html","Wonderful botanical garden  I've been to this garden many times and always enjoy it. It's also a great place to take family pictures in a natural setting. There are several different areas of the garden... read more Reviewed March 17, 2015 Ruth G , Columbia, MD","things to do","15","169","Santa Barbara Botanic Garden","8056824726","Gardens , Nature & Parks","1212 Mission Canyon Rd , Santa Barbara , CA 93105-2199","93105-2199","93105","santa barbara botanic garden","park","""Santa Barbara Botanic Gardens, Mission Canyon Road, Mission Canyon, Santa Barbara County, California, 93105, United States of America""","93105","73"
"Santa Barbara","483","308","https://www.tripadvisor.com/Attraction_Review-g33045-d104225-Reviews-Santa_Barbara_Museum_of_Art-Santa_Barbara_California.html","Really interesting place!  Under some renovation, but interesting all the same. Go! Wonderful exhibition going on from Britain in the 40's. Reviewed 1 week ago ddavies526 , Murphys, California via mobile","things to do","19","169","Santa Barbara Museum of Art","8059634364","Art Museums , Museums","1130 State St , Santa Barbara , CA 93101-2746","93101-2746","93101","santa barbara museum of art","museum","""Santa Barbara Museum of Art, 1130, State Street, Santa Barbara, Santa Barbara County, California, 93101, United States of America""","93101","73"
"Santa Barbara","483","308","https://www.tripadvisor.com/Attraction_Review-g33045-d104225-Reviews-or290-Santa_Barbara_Museum_of_Art-Santa_Barbara_California.html","Super!  Must see. There were Van Gogh (only three that I remember to have seen!) and Picasso paintings on exhibition. Worth spending half a day in. Reviewed December 31, 2011 dr_pallavi , Sunnyvale, California","things to do","19","169","Santa Barbara Museum of Art","8059634364","Art Museums , Museums","1130 State St , Santa Barbara , CA 93101-2746","93101-2746","93101","santa barbara museum of art","museum","""Santa Barbara Museum of Art, 1130, State Street, Santa Barbara, Santa Barbara County, California, 93101, United States of America""","93101","73"
"Santa Barbara","483","308","https://www.tripadvisor.com/Attraction_Review-g33045-d104225-Reviews-or30-Santa_Barbara_Museum_of_Art-Santa_Barbara_California.html","wonderful  small museum with great charm...easy to park and walk to, as well as shops all around. the visiting exhibits are so well curated and often unique...exposing you to new artists... read more Reviewed January 10, 2016 leslie l , Potomac, Maryland","things to do","19","169","Santa Barbara Museum of Art","8059634364","Art Museums , Museums","1130 State St , Santa Barbara , CA 93101-2746","93101-2746","93101","santa barbara museum of art","museum","""Santa Barbara Museum of Art, 1130, State Street, Santa Barbara, Santa Barbara County, California, 93101, United States of America""","93101","73"
"Santa Barbara","483","308","https://www.tripadvisor.com/Attraction_Review-g33045-d104225-Reviews-or220-Santa_Barbara_Museum_of_Art-Santa_Barbara_California.html","Lovely small collection  Try and catch the excellent exhibition of Chinese painting from the Ming dynasty: The Artful Recluse. Reviewed January 5, 2013 JohnByng , Washington DC, District of Columbia","things to do","19","169","Santa Barbara Museum of Art","8059634364","Art Museums , Museums","1130 State St , Santa Barbara , CA 93101-2746","93101-2746","93101","santa barbara museum of art","museum","""Santa Barbara Museum of Art, 1130, State Street, Santa Barbara, Santa Barbara County, California, 93101, United States of America""","93101","73"
"Santa Barbara","483","308","https://www.tripadvisor.com/Attraction_Review-g33045-d104225-Reviews-or190-Santa_Barbara_Museum_of_Art-Santa_Barbara_California.html","Great collection of Impressionists  Easy, cool and good collection. Enjoyed the impressionist paintings, the amazing greek sculptures and a powerful photography retrospective of Danny Lyon. Recommended. Reviewed May 31, 2013 Stephen B , Los Angeles, California","things to do","19","169","Santa Barbara Museum of Art","8059634364","Art Museums , Museums","1130 State St , Santa Barbara , CA 93101-2746","93101-2746","93101","santa barbara museum of art","museum","""Santa Barbara Museum of Art, 1130, State Street, Santa Barbara, Santa Barbara County, California, 93101, United States of America""","93101","73"
"Santa Barbara","483","308","https://www.tripadvisor.com/Attraction_Review-g33045-d104225-Reviews-or130-Santa_Barbara_Museum_of_Art-Santa_Barbara_California.html","Fabulous art museum  We had a great time at the museum on a rainy Sunday morning. We had been here before but not impressed. This time it seems like there is more art and better arranged. The roman... read more Reviewed August 7, 2014 Michael C via mobile","things to do","19","169","Santa Barbara Museum of Art","8059634364","Art Museums , Museums","1130 State St , Santa Barbara , CA 93101-2746","93101-2746","93101","santa barbara museum of art","museum","""Santa Barbara Museum of Art, 1130, State Street, Santa Barbara, Santa Barbara County, California, 93101, United States of America""","93101","73"
"Santa Barbara","483","308","https://www.tripadvisor.com/Attraction_Review-g33045-d104225-Reviews-or110-Santa_Barbara_Museum_of_Art-Santa_Barbara_California.html","A lovely museum  The museum was upfront about their current renovations ahead of their exhibition schedule in 2015 so the cost was half the usual $10 entry. That said they had a very good... read more Reviewed January 7, 2015 ASWh , London","things to do","19","169","Santa Barbara Museum of Art","8059634364","Art Museums , Museums","1130 State St , Santa Barbara , CA 93101-2746","93101-2746","93101","santa barbara museum of art","museum","""Santa Barbara Museum of Art, 1130, State Street, Santa Barbara, Santa Barbara County, California, 93101, United States of America""","93101","73"
"Santa Barbara","483","308","https://www.tripadvisor.com/Attraction_Review-g33045-d104225-Reviews-or10-Santa_Barbara_Museum_of_Art-Santa_Barbara_California.html","Santa Barbara Museum of Art - A Nice Visit!  I was in Santa Barbara this week and made a visit to Santa Barbara Museum of Art - A Nice Visit! The Exhibit is very fascinating, worth the visit for this tour! Reviewed August 18, 2016 P51rayf , Scottsdale, Arizona","things to do","19","169","Santa Barbara Museum of Art","8059634364","Art Museums , Museums","1130 State St , Santa Barbara , CA 93101-2746","93101-2746","93101","santa barbara museum of art","museum","""Santa Barbara Museum of Art, 1130, State Street, Santa Barbara, Santa Barbara County, California, 93101, United States of America""","93101","73"
"San Diego","5272","109","https://www.tripadvisor.com/Attraction_Review-g60750-d102783-Reviews-Spanish_Village_Art_Center-San_Diego_California.html","Arts and Crafts  An interesting art centre with some artists in attendance. Some were friendly, talkative and helpful. Others ignore you. Lots of things to choose from if you are looking for a... read more Reviewed 1 week ago crusty56 , Prince George, Canada","things to do","78","416","Spanish Village Art Center","619233 9050","Art Galleries , Museums , Shopping","1770 Village Pl , Balboa Park , San Diego , CA 92101-1651","92101-1651","92101","spanish village art center","arts_centre","""Spanish Village Art Center, 1770, Village Place, North Park, Hillcrest, San Diego, San Diego County, California, 92101, United States of America""","92101","72"
"San Diego","5272","109","https://www.tripadvisor.com/Attraction_Review-g60750-d102783-Reviews-or90-Spanish_Village_Art_Center-San_Diego_California.html","Spanish Village is Great!  This is a wonderful place! There are many artists studios and galleries which have many different types of great art for sale for great prices. The village itself is a really... read more Reviewed June 27, 2007 PJSOCAL , San Diego, CA","things to do","78","416","Spanish Village Art Center","619233 9050","Art Galleries , Shopping , Museums","1770 Village Pl , Balboa Park , San Diego , CA 92101-1651","92101-1651","92101","spanish village art center","arts_centre","""Spanish Village Art Center, 1770, Village Place, North Park, Hillcrest, San Diego, San Diego County, California, 92101, United States of America""","92101","72"
"San Diego","5272","109","https://www.tripadvisor.com/Attraction_Review-g60750-d102783-Reviews-or60-Spanish_Village_Art_Center-San_Diego_California.html","Lots to see here  We found a nice table here to take a break from walking and have our bagged lunch. Then we spent about 2 hours browsing all the shops! A lot of them hold creations from multiple... read more Reviewed January 30, 2015 Sandy A , Nashville, Tennessee","things to do","78","416","Spanish Village Art Center","619233 9050","Art Galleries , Museums , Shopping","1770 Village Pl , Balboa Park , San Diego , CA 92101-1651","92101-1651","92101","spanish village art center","arts_centre","""Spanish Village Art Center, 1770, Village Place, North Park, Hillcrest, San Diego, San Diego County, California, 92101, United States of America""","92101","72"
"San Diego","5272","109","https://www.tripadvisor.com/Attraction_Review-g60750-d102783-Reviews-or30-Spanish_Village_Art_Center-San_Diego_California.html","Good variety of crafts!  We spent a couple of hours walking thru the village. Many different artists and styles. It is fun to visit the actual artists and even see some doing art demos. Mostly small... read more Reviewed November 10, 2015 simon s , Felton, California","things to do","78","416","Spanish Village Art Center","619233 9050","Art Galleries , Shopping , Museums","1770 Village Pl , Balboa Park , San Diego , CA 92101-1651","92101-1651","92101","spanish village art center","arts_centre","""Spanish Village Art Center, 1770, Village Place, North Park, Hillcrest, San Diego, San Diego County, California, 92101, United States of America""","92101","72"
"San Diego","5272","109","https://www.tripadvisor.com/Attraction_Review-g60750-d102783-Reviews-or20-Spanish_Village_Art_Center-San_Diego_California.html","Hidden Treasure  Tucked away in a corner of Balboa Park, artists make and sell a variety of treasures. Take some time, watch glass being blown, listen to music, and take a look around. This is one... read more Reviewed April 1, 2016 ghryan , Calgary, Canada","things to do","78","416","Spanish Village Art Center","619233 9050","Art Galleries , Museums , Shopping","1770 Village Pl , Balboa Park , San Diego , CA 92101-1651","92101-1651","92101","spanish village art center","arts_centre","""Spanish Village Art Center, 1770, Village Place, North Park, Hillcrest, San Diego, San Diego County, California, 92101, United States of America""","92101","72"
"San Diego","5272","109","https://www.tripadvisor.com/Attraction_Review-g60750-d102783-Reviews-or70-Spanish_Village_Art_Center-San_Diego_California.html","Great prices, local artists,wonderful demonstrations  I recently stayed on Coronado in the San Diego area and I went to the Spanish Village Balboa Park next to the Zoo four times..... I loved this attraction with over 40 shops with... read more Reviewed June 1, 2014 Beck48 , Topeka, Kansas","things to do","78","416","Spanish Village Art Center","619233 9050","Art Galleries , Shopping , Museums","1770 Village Pl , Balboa Park , San Diego , CA 92101-1651","92101-1651","92101","spanish village art center","arts_centre","""Spanish Village Art Center, 1770, Village Place, North Park, Hillcrest, San Diego, San Diego County, California, 92101, United States of America""","92101","72"
"San Diego","5272","109","https://www.tripadvisor.com/Attraction_Review-g60750-d102783-Reviews-or50-Spanish_Village_Art_Center-San_Diego_California.html","Relaxing art place, nice.  After visiting museums nearby (Cabrillo) and riding a 4 seat-bike, we finished by having a little walk here. Very relaxing, a lot of artists presents their art that you can buy... read more Reviewed September 1, 2015 bigcop73 , Geneva, Switzerland","things to do","78","416","Spanish Village Art Center","619233 9050","Art Galleries , Museums , Shopping","1770 Village Pl , Balboa Park , San Diego , CA 92101-1651","92101-1651","92101","spanish village art center","arts_centre","""Spanish Village Art Center, 1770, Village Place, North Park, Hillcrest, San Diego, San Diego County, California, 92101, United States of America""","92101","72"
"San Diego","5272","109","https://www.tripadvisor.com/Attraction_Review-g60750-d102783-Reviews-or40-Spanish_Village_Art_Center-San_Diego_California.html","A good place to take things slow  If you like art or handmade crafts this is the place to go in San Diego. Sometimes there are gallery openings in one of the studios. The studios are run by local artists that... read more Reviewed September 14, 2015 f16addict , San Diego, California","things to do","78","416","Spanish Village Art Center","619233 9050","Art Galleries , Museums , Shopping","1770 Village Pl , Balboa Park , San Diego , CA 92101-1651","92101-1651","92101","spanish village art center","arts_centre","""Spanish Village Art Center, 1770, Village Place, North Park, Hillcrest, San Diego, San Diego County, California, 92101, United States of America""","92101","72"
